Date,Market_Growth,LSTM_Growth,RF_Growth,Market_Return,LSTM_Return,RF_Return
2022-01-18,0.9896163746389901,0.9896163746389901,1.0,-0.010383625361009868,-0.010383625361009868,-0.0
2022-01-19,0.9786632555325991,0.9786632555325991,1.0,-0.011068045544806766,-0.011068045544806766,-0.0
2022-01-20,0.9594514829856272,0.9594514829856272,1.0,-0.019630626201978606,-0.019630626201978606,-0.0
2022-01-21,0.9635261706155531,0.9635261706155531,1.0,0.00424689283635922,0.00424689283635922,-0.0
2022-01-24,0.9517624651766668,0.9517624651766668,0.9987555808423103,-0.012209014967772968,-0.012209014967772968,-0.001244419157689706
2022-01-25,0.9493747152964652,0.9493747152964652,1.007852631937488,-0.002508766596252,-0.002508766596252,0.009108385744894438
2022-01-26,0.9446865958631032,0.9446865958631032,1.007852631937488,-0.004938112799747411,-0.004938112799747411,0.0
2022-01-27,0.968148241191703,0.968148241191703,1.007852631937488,0.02483537443141584,0.02483537443141584,-0.0
2022-01-28,0.9855857667211391,0.9855857667211391,1.008264917093009,0.018011214385900302,0.018011214385900302,0.0004090728569396458
2022-01-31,0.9922452877010961,0.9922452877010961,0.9904088474512891,0.006756916754299415,0.006756916754299415,-0.01770970043587522
2022-02-01,1.0018838793333142,1.0018838793333142,0.9801248130251253,0.009713920289356633,0.009713920289356633,-0.010383625361009868
2022-02-02,0.9783347830828831,0.9783347830828831,0.969276746954968,-0.023504816013310326,-0.023504816013310326,-0.011068045544806766
2022-02-03,0.9829350974593644,0.9829350974593644,0.9502492374492252,0.00470218830611856,0.00470218830611856,-0.019630626201978606
2022-02-04,0.9797804868236928,0.9797804868236928,0.9542848441285041,-0.003209378364680776,-0.003209378364680776,0.00424689283635922
2022-02-07,0.987842056794444,0.987842056794444,0.9542848441285041,0.008227934806995199,0.008227934806995199,-0.0
2022-02-08,1.0023001570721304,1.0023001570721304,0.951890766188245,0.014636044475169422,0.014636044475169422,-0.002508766596252
2022-02-09,0.9842933502783427,0.9842933502783427,0.9471902222117694,-0.017965483360182395,-0.017965483360182395,-0.004938112799747411
2022-02-10,0.9648842815482919,0.9648842815482919,0.9707140460381747,-0.01971878477545571,-0.01971878477545571,0.02483537443141584
2022-02-11,0.9617298127988598,0.9617298127988598,0.988197784828773,-0.0032692715694055277,-0.0032692715694055277,0.018011214385900302
2022-02-14,0.9772394498776967,0.9772394498776967,0.994874954997644,0.016126813240509,0.016126813240509,0.006756916754299415
2022-02-15,0.9783347830828829,0.9783347830828829,1.0045390910083682,0.0011208442366127944,0.0011208442366127944,0.009713920289356633
2022-02-16,0.9574362144402065,0.9574362144402065,0.9809275844960386,-0.021361367298852237,-0.021361367298852237,-0.023504816013310326
2022-02-17,0.9512367676031012,0.9512367676031012,0.9855400907130049,-0.00647504945353474,-0.00647504945353474,0.00470218830611856
2022-02-18,0.9410282567990034,0.9410282567990034,0.982377119668345,-0.010731829500052782,-0.010731829500052782,-0.003209378364680776
2022-02-22,0.9243358355931492,0.9243358355931492,0.9904600545648597,-0.01773849093823714,-0.01773849093823714,0.008227934806995199
2022-02-23,0.9382461983251229,0.9382461983251229,1.0049564719743498,0.015049035422333575,0.015049035422333575,0.014636044475169422
2022-02-24,0.9589477543249797,0.9589477543249797,0.986901943199387,0.02206409792740042,0.02206409792740042,-0.017965483360182395
2022-02-25,0.9564941683008151,0.9564941683008151,0.9674414361869592,-0.0025586232546023512,-0.0025586232546023512,-0.01971878477545571
2022-02-28,0.9419266481883798,0.9419266481883798,0.9674414361869592,-0.015230119111247801,-0.015230119111247801,-0.0
2022-03-01,0.9592543286887879,0.9592543286887879,0.9830431835494762,0.018395997749649274,0.018395997749649274,0.016126813240509
2022-03-02,0.9544788291606044,0.9544788291606044,0.9841450218360992,-0.004978345560046768,-0.004978345560046768,0.0011208442366127944
2022-03-03,0.9467239041484514,0.9467239041484514,0.9631223385493214,-0.008124774248762415,-0.008124774248762415,-0.021361367298852237
2022-03-04,0.9188153733954038,0.9188153733954038,0.9568860737774105,-0.029479059978051874,-0.029479059978051874,-0.00647504945353474
2022-03-07,0.9118491363976188,0.9118491363976188,0.9466169355826564,-0.007581759295169294,-0.007581759295169294,-0.010731829500052782
2022-03-08,0.9362966242696457,0.9362966242696457,0.9298253796488416,0.026810891074163856,0.026810891074163856,-0.01773849093823714
2022-03-09,0.9320687912279452,0.9320687912279452,0.9438183547237619,-0.004515484657437857,-0.004515484657437857,0.015049035422333575
2022-03-10,0.920217422386198,0.920217422386198,0.9646428553280649,-0.012715122481607506,-0.012715122481607506,0.02206409792740042
2022-03-11,0.9134922071485173,0.9134922071485173,0.9621746976860366,-0.007308289404303633,-0.007308289404303633,-0.0025586232546023512
2022-03-14,0.9335803313449378,0.9335803313449378,0.9475206624344493,0.021990471335410565,0.021990471335410565,-0.015230119111247801
2022-03-15,0.9542817456907747,0.9542817456907747,0.9649512504083396,0.022174218597786854,0.022174218597786854,0.018395997749649274
2022-03-16,0.9662207071083729,0.9662207071083729,0.9601473896352077,0.012510939742388053,0.012510939742388053,-0.004978345560046768
2022-03-17,0.9768034710835966,0.9768034710835966,0.9523464088488831,0.010952739780225696,0.010952739780225696,-0.008124774248762415
2022-03-18,0.9765178027631188,0.9765178027631188,0.9242721319425445,-0.00029245219630597176,-0.00029245219630597176,-0.029479059978051874
2022-03-21,0.9879444608074833,0.9879444608074833,0.9172645231149232,0.011701433411692077,0.011701433411692077,-0.007581759295169294
2022-03-22,0.9752210633183053,0.9752210633183053,0.9418572023303522,-0.012878656639036937,-0.012878656639036937,0.026810891074163856
2022-03-23,0.9899220275550112,0.9899220275550112,0.9376042605837321,0.015074494173335604,0.015074494173335604,-0.004515484657437857
2022-03-24,0.9947564182324574,0.9947564182324574,0.9256825075711329,0.004883607539663064,0.004883607539663064,-0.012715122481607506
2022-03-25,1.0018322167190112,1.0018322167190112,0.9189173519093016,0.007113096590144625,0.007113096590144625,-0.007308289404303633
2022-03-28,1.0142255120405876,1.0142255120405876,0.9391247775960745,0.012370629647112235,0.012370629647112235,0.021990471335410565
2022-03-29,1.0079629927062217,1.0079629927062217,0.9599491357050879,-0.006174681330748526,-0.006174681330748526,0.022174218597786854
2022-03-30,0.992449103452377,0.992449103452377,0.9719590014976518,-0.015391328219493794,-0.015391328219493794,0.012510939742388053
2022-03-31,0.9952618476702204,0.9952618476702204,0.9826046155181035,0.002834144550142473,0.002834144550142473,0.010952739780225696
2022-04-01,1.0037878145536216,1.0037878145536216,0.9823172506401948,0.008566556533197088,0.008566556533197088,-0.00029245219630597176
2022-04-04,0.9911086384305381,0.9911086384305381,0.9938117705377175,-0.012631330983751741,-0.012631330983751741,0.011701433411692077
2022-04-05,0.9811981268132232,0.9811981268132232,0.9810128099811288,-0.009999420076701881,-0.009999420076701881,-0.012878656639036937
2022-04-06,0.9861425754651661,0.9861425754651661,0.995801081869157,0.005039194956478102,0.005039194956478102,0.015074494173335604
2022-04-07,0.9835055834795431,0.9835055834795431,1.0006641835405776,-0.0026740473956102717,-0.0026740473956102717,0.004883607539663064
2022-04-08,0.966695308915934,0.966695308915934,1.0077820045324,-0.017092200436865913,-0.017092200436865913,0.007113096590144625
2022-04-11,0.9631132946631874,0.9631132946631874,1.0202489024754946,-0.0037054221942626536,-0.0037054221942626536,0.012370629647112235
2022-04-12,0.9741444391258266,0.9741444391258266,1.0139491906246625,0.01145363118105118,0.01145363118105118,-0.006174681330748526
2022-04-13,0.9620146304985611,0.9620146304985611,0.9983431658338683,-0.012451755756210632,-0.012451755756210632,-0.015391328219493794
2022-04-14,0.962410356561316,0.962410356561316,1.0011726146764883,0.0004113513975871028,0.0004113513975871028,0.002834144550142473
2022-04-18,0.9779461439010687,0.9779461439010687,1.0011726146764883,0.016142581211679673,0.016142581211679673,0.0
2022-04-19,0.9772207408649909,0.9772207408649909,0.9885264720086415,-0.0007417617428135081,-0.0007417617428135081,-0.012631330983751741
2022-04-20,0.9626080068794443,0.9626080068794443,0.978641780558087,-0.014953360458366923,-0.014953360458366923,-0.009999420076701881
2022-04-21,0.9361949289911452,0.9361949289911452,0.983573347282874,-0.027439079770304724,-0.027439079770304724,0.005039194956478102
2022-04-22,0.9416226252224644,0.9416226252224644,0.9809432255351805,0.005797613363670197,0.005797613363670197,-0.0026740473956102717
2022-04-25,0.9143523298917027,0.9143523298917027,0.9641767473071475,-0.028960960155687585,-0.028960960155687585,-0.017092200436865913
2022-04-26,0.9169232730201137,0.9169232730201137,0.9606040653884836,0.002811764179258401,0.002811764179258401,-0.0037054221942626536
2022-04-27,0.9400843679962577,0.9400843679962577,0.9716064700644617,0.025259578045017196,0.025259578045017196,0.01145363118105118
2022-04-28,0.905342831888666,0.905342831888666,0.9595082636080651,-0.03695576406790109,-0.03695576406790109,-0.012451755756210632
2022-04-29,0.9107925680921326,0.9107925680921326,0.9599029586732967,0.006019527643575226,0.006019527643575226,0.0004113513975871028
2022-05-02,0.9149676043584934,0.9149676043584934,0.975398270139012,0.0045839595234142515,0.0045839595234142515,0.016142581211679673
2022-05-03,0.9428311341838989,0.9428311341838989,0.9746747570182165,0.030453023355882767,0.030453023355882767,-0.0007417617428135081
2022-05-04,0.9093202180691183,0.9093202180691183,0.9601000940468519,-0.03554286117607582,-0.03554286117607582,-0.014953360458366923
2022-05-05,0.9038925218377991,0.9038925218377991,0.9337558309788233,-0.00596896024465898,-0.00596896024465898,-0.027439079770304724
2022-05-06,0.8749524386469245,0.8749524386469245,0.939169386262911,-0.032017172940023264,-0.032017172940023264,0.005797613363670197
2022-05-09,0.876973943684727,0.876973943684727,0.9119701390879092,0.0023104170564159864,0.0023104170564159864,-0.028960960155687585
2022-05-10,0.8630421078289048,0.8630421078289048,0.9145343840575499,-0.015886259741407824,-0.015886259741407824,0.002811764179258401
2022-05-11,0.862141235868646,0.862141235868646,0.9376351367065032,-0.0010438331479851268,-0.0010438331479851268,0.025259578045017196
2022-05-12,0.882753215207497,0.882753215207497,0.9029841138126035,0.023907891748251066,0.023907891748251066,-0.03695576406790109
2022-05-13,0.8791714132035602,0.8791714132035602,0.9084196516474078,-0.0040575349284850595,-0.0040575349284850595,0.006019527643575226
2022-05-16,0.8972563164128257,0.8972563164128257,0.9125838105608336,0.02057039496241916,0.02057039496241916,0.0045839595234142515
2022-05-17,0.8610864391672848,0.8610864391672848,0.9403747466580432,-0.040311644046314134,-0.040311644046314134,0.030453023355882767
2022-05-18,0.8558128095633075,0.8558128095633075,0.9069511375840889,-0.006124390495659373,-0.006124390495659373,-0.03554286117607582
2022-05-19,0.8561860704596365,0.8561860704596365,0.9069511375840889,0.00043614782597057943,0.00043614782597057943,-0.0
2022-05-20,0.8722055308052638,0.8722055308052638,0.8779131261639083,0.018710255747360422,0.018710255747360422,-0.032017172940023264
2022-05-23,0.8655473564673726,0.8655473564673726,0.8799414716246488,-0.007633721757925552,-0.007633721757925552,0.0023104170564159864
2022-05-24,0.8731944913626621,0.8731944913626621,0.865962492849183,0.008835027729159194,0.008835027729159194,-0.015886259741407824
2022-05-25,0.8906420093059797,0.8906420093059797,0.8650585724942352,0.01998125058724306,0.01998125058724306,-0.0010438331479851268
2022-05-26,0.9125066481453495,0.9125066481453495,0.885740299201324,0.024549301078227444,0.024549301078227444,0.023907891748251066
2022-05-27,0.9073865183204158,0.9073865183204158,0.8821463769997478,-0.0056110602978512595,-0.0056110602978512595,-0.0040575349284850595
2022-05-31,0.9000470206585216,0.9000470206585216,0.9002924763892998,-0.00808861219966078,-0.00808861219966078,0.02057039496241916
2022-06-01,0.9171869721954536,0.9171869721954536,0.8640002065435196,0.01904339567103017,0.01904339567103017,-0.040311644046314134
2022-06-02,0.9021346451483266,0.9021346451483266,0.8587087318903167,-0.016411405202470846,-0.016411405202470846,-0.006124390495659373
2022-06-03,0.9048814823951973,0.9048814823951973,0.8590832558368727,0.0030448195972110023,0.0030448195972110023,0.00043614782597057943
2022-06-06,0.9135611615386715,0.9135611615386715,0.8751569232618557,0.009592061847148486,0.009592061847148486,0.018710255747360422
2022-06-07,0.9036288226624586,0.9036288226624586,0.8684762188151525,-0.01087211157212972,-0.01087211157212972,-0.007633721757925552
2022-06-08,0.8821379405084862,0.8821379405084862,0.8761492302904996,-0.023782864838962837,-0.023782864838962837,0.008835027729159194
2022-06-09,0.8565598273772534,0.8565598273772534,0.8936557876127541,-0.028995593496963547,-0.028995593496963547,0.01998125058724306
2022-06-10,0.824037729933632,0.824037729933632,0.91559441260316,-0.03796827308981154,-0.03796827308981154,0.024549301078227444
2022-06-13,0.8215546629213313,0.8215546629213313,0.9104569571456679,-0.0030132928652438235,-0.0030132928652438235,-0.0056110602978512595
2022-06-14,0.8332671309401932,0.8332671309401932,0.9030926238948335,0.01425646831242374,0.01425646831242374,-0.00808861219966078
2022-06-15,0.8056892692030458,0.8056892692030458,0.9202905740592515,-0.03309606333089205,-0.03309606333089205,0.01904339567103017
2022-06-16,0.8074260271359383,0.8074260271359383,0.9051873125443506,0.0021556175554011516,0.0021556175554011516,-0.016411405202470846
2022-06-17,0.8277518421330229,0.8277518421330229,0.9079434446127325,0.025173594006107726,0.025173594006107726,0.0030448195972110023
2022-06-21,0.8262512867047088,0.8262512867047088,0.9166524942871709,-0.001812808322416107,-0.001812808322416107,0.009592061847148486
2022-06-22,0.834350629068143,0.834350629068143,0.9066865460964098,0.009802517095902262,0.009802517095902262,-0.01087211157212972
2022-06-23,0.860877875219707,0.860877875219707,0.8851229425192928,0.031793882844184454,0.031793882844184454,-0.023782864838962837
2022-06-24,0.8575894660924961,0.8575894660924961,0.8594582774831672,-0.0038198323152070415,-0.0038198323152070415,-0.028995593496963547
2022-06-27,0.8400664031315932,0.8400664031315932,0.8594582774831672,-0.020432927004974368,-0.020432927004974368,-0.0
2022-06-28,0.839382386755678,0.839382386755678,0.8594582774831672,-0.0008142408425874122,-0.0008142408425874122,-0.0
2022-06-29,0.8325629880824953,0.8325629880824953,0.8594582774831672,-0.00812430518055146,-0.00812430518055146,0.0
2022-06-30,0.8413686703342511,0.8413686703342511,0.8594582774831672,0.010576595858574586,0.010576595858574586,-0.0
2022-07-01,0.8429575978999637,0.8429575978999637,0.8594582774831672,0.0018885033656904605,0.0018885033656904605,0.0
2022-07-05,0.8458045004752298,0.8458045004752298,0.8594582774831672,0.003377278504112949,0.003377278504112949,0.0
2022-07-06,0.8584721250613364,0.8584721250613364,0.8594582774831672,0.014977012511743635,0.014977012511743635,-0.0
2022-07-07,0.8577660687132739,0.8577660687132739,0.8678831319414105,-0.0008224569295270958,-0.0008224569295270958,0.009802517095902262
2022-07-08,0.8479671739613317,0.8479671739613317,0.8954765065607996,-0.011423737904020202,-0.011423737904020202,0.031793882844184454
2022-07-11,0.840463900798473,0.840463900798473,0.89205593646353,-0.008848542011133135,-0.008848542011133135,-0.0038198323152070415
2022-07-12,0.8360498979163918,0.8360498979163918,0.89205593646353,-0.005251864925891083,-0.005251864925891083,-0.0
2022-07-13,0.8340196054527539,0.8340196054527539,0.89205593646353,-0.002428434557193078,-0.002428434557193078,-0.0
2022-07-14,0.8499535991939243,0.8499535991939243,0.8848086017975777,0.019105058966234423,0.019105058966234423,-0.00812430518055146
2022-07-15,0.842935558160036,0.842935558160036,0.8941668647909812,-0.008256969604627924,-0.008256969604627924,0.010576595858574586
2022-07-18,0.8657109903143168,0.8657109903143168,0.8958555019246277,0.027019185433338592,0.027019185433338592,0.0018885033656904605
2022-07-19,0.8712283342658712,0.8712283342658712,0.8988810554540689,0.006373193840996817,0.006373193840996817,0.003377278504112949
2022-07-20,0.8801001362018489,0.8801001362018489,0.9123436082681738,0.01018309619538892,0.01018309619538892,0.014977012511743635
2022-07-21,0.8719344614409436,0.8719344614409436,0.9115932449454439,-0.009278120096816523,-0.009278120096816523,-0.0008224569295270958
2022-07-22,0.8729938644523619,0.8729938644523619,0.9115932449454439,0.001215003028630877,0.001215003028630877,-0.0
2022-07-25,0.8626654453783449,0.8626654453783449,0.903526973820479,-0.011831032833771649,-0.011831032833771649,-0.008848542011133135
2022-07-26,0.8850656323189225,0.8850656323189225,0.8987817721970747,0.025966250370389448,0.025966250370389448,-0.005251864925891083
2022-07-27,0.896166581792493,0.896166581792493,0.896599139482096,0.012542515569704486,0.012542515569704486,-0.002428434557193078
2022-07-28,0.9092315623914597,0.9092315623914597,0.9137287189109765,0.014578741122922212,0.014578741122922212,0.019105058966234423
2022-07-29,0.9065390808108045,0.9065390808108045,0.9061840886520529,-0.0029612715748379022,-0.0029612715748379022,-0.008256969604627924
2022-08-01,0.9005584738754169,0.9005584738754169,0.9306684445800837,-0.006597186003319945,-0.006597186003319945,0.027019185433338592
2022-08-02,0.9146606758596351,0.9146606758596351,0.9365997749790915,0.015659396245011715,0.015659396245011715,0.006373193840996817
2022-08-03,0.9140426375139222,0.9140426375139222,0.9461372605842832,-0.0006757023254902432,-0.0006757023254902432,0.01018309619538892
2022-08-04,0.9124979315465236,0.9124979315465236,0.9461372605842832,-0.001689971456473912,-0.001689971456473912,-0.0
2022-08-05,0.9114383866488657,0.9114383866488657,0.9472868202213935,-0.0011611477254114238,-0.0011611477254114238,0.001215003028630877
2022-08-08,0.9078190955602854,0.9078190955602854,0.9360794387483551,-0.003970966267821407,-0.003970966267821407,-0.011831032833771649
2022-08-09,0.9268870774340557,0.9268870774340557,0.9603859118214685,0.021004164780211155,0.021004164780211155,0.025966250370389448
2022-08-10,0.9268870774340557,0.9268870774340557,0.9724315670734142,0.0,0.0,0.012542515569704486
2022-08-11,0.9425780653299671,0.9425780653299671,0.9866083951495349,0.016928694204421748,0.016928694204421748,0.014578741122922212
2022-08-12,0.9464621892904849,0.9464621892904849,0.9866083951495349,0.004120745117443393,0.004120745117443393,-0.0
2022-08-15,0.9483162335006138,0.9483162335006138,0.9800995560542964,0.0019589205264700987,0.0019589205264700987,-0.006597186003319945
2022-08-16,0.9415851361378199,0.9415851361378199,0.9954473233621108,-0.007097945943566422,-0.007097945943566422,0.015659396245011715
2022-08-17,0.9443217682575598,0.9443217682575598,0.9954473233621108,0.00290640964338606,0.00290640964338606,-0.0
2022-08-18,0.9316318912182765,0.9316318912182765,0.9954473233621108,-0.013438085900210011,-0.013438085900210011,-0.0
2022-08-19,0.9122329565561268,0.9122329565561268,0.9954473233621108,-0.02082253177999523,-0.02082253177999523,-0.0
2022-08-22,0.910026061471711,0.910026061471711,0.9954473233621108,-0.002419223147503241,-0.002419223147503241,-0.0
2022-08-23,0.912939154558209,0.912939154558209,1.0163558629720286,0.003201109517442772,0.003201109517442772,0.021004164780211155
2022-08-24,0.9258276033634076,0.9258276033634076,1.0163558629720286,0.014117533179344966,0.014117533179344966,0.0
2022-08-25,0.894489352916391,0.894489352916391,1.0163558629720286,-0.0338489048427256,-0.0338489048427256,0.0
2022-08-26,0.8885747948382154,0.8885747948382154,1.0163558629720286,-0.006612217416441762,-0.006612217416441762,0.0
2022-08-29,0.8788201214523677,0.8788201214523677,1.0163558629720286,-0.01097788665907839,-0.01097788665907839,0.0
2022-08-30,0.8721331038016487,0.8721331038016487,1.0163558629720286,-0.007609085736075125,-0.007609085736075125,-0.0
2022-08-31,0.8748695234403591,0.8748695234403591,1.0163558629720286,0.003137616983901053,0.003137616983901053,0.0
2022-09-01,0.8656447998030843,0.8656447998030843,1.0163558629720286,-0.010544113596504258,-0.010544113596504258,-0.0
2022-09-02,0.8623785723020402,0.8623785723020402,0.995192760715509,-0.003773172901618651,-0.003773172901618651,-0.02082253177999523
2022-09-06,0.8778711303182756,0.8778711303182756,0.9927851673525584,0.017964915309618017,0.017964915309618017,-0.002419223147503241
2022-09-07,0.8836092276619123,0.8836092276619123,0.9959631814005466,0.0065363777728473125,0.0065363777728473125,0.003201109517442772
2022-09-08,0.8973363263186668,0.8973363263186668,1.0100237246593748,0.015535259509542834,0.015535259509542834,0.014117533179344966
2022-09-09,0.906980516535739,0.906980516535739,0.9758355277144843,0.010747575835514842,0.010747575835514842,-0.0338489048427256
2022-09-12,0.8675427820712683,0.8675427820712683,0.9693830910425479,-0.043482449452282884,-0.043482449452282884,-0.006612217416441762
2022-09-13,0.8708530182251577,0.8708530182251577,0.9587413133398558,0.003815646008818333,0.003815646008818333,-0.01097788665907839
2022-09-14,0.8609659638168462,0.8609659638168462,0.9514461684879356,-0.011353298663948887,-0.011353298663948887,-0.007609085736075125
2022-09-15,0.8543978626256887,0.8543978626256887,0.954431442145451,-0.00762875824038341,-0.00762875824038341,0.003137616983901053
2022-09-16,0.8610237212695118,0.8610237212695118,0.954431442145451,0.00775500376775376,0.00775500376775376,-0.0
2022-09-19,0.8511402811286799,0.8511402811286799,0.954431442145451,-0.01147870830580549,-0.01147870830580549,-0.0
2022-09-20,0.8362931873019095,0.8362931873019095,0.954431442145451,-0.017443768267061607,-0.017443768267061607,0.0
2022-09-21,0.8292685554083703,0.8292685554083703,0.954431442145451,-0.008399723924814516,-0.008399723924814516,0.0
2022-09-22,0.8153741378101814,0.8153741378101814,0.954431442145451,-0.016755027677790774,-0.016755027677790774,0.0
2022-09-23,0.8073081031833927,0.8073081031833927,0.954431442145451,-0.009892433734103125,-0.009892433734103125,0.0
2022-09-26,0.8052472666298116,0.8052472666298116,0.954431442145451,-0.002552726208810281,-0.002552726208810281,-0.0
2022-09-27,0.8210915415915172,0.8210915415915172,0.954431442145451,0.019676285308012766,0.019676285308012766,0.0
2022-09-28,0.8039398260365787,0.8039398260365787,0.954431442145451,-0.0208889200364839,-0.0208889200364839,-0.0
2022-09-29,0.7915079787607717,0.7915079787607717,0.954431442145451,-0.015463653961635248,-0.015463653961635248,-0.0
2022-09-30,0.8124046339130836,0.8124046339130836,0.954431442145451,0.02640106696716916,0.02640106696716916,0.0
2022-10-03,0.8375785879229951,0.8375785879229951,0.954431442145451,0.03098696506524955,0.03098696506524955,-0.0
2022-10-04,0.8356285178462292,0.8356285178462292,0.954431442145451,-0.0023282234107747262,-0.0023282234107747262,-0.0
2022-10-05,0.8270082258733064,0.8270082258733064,0.954431442145451,-0.010315937990174209,-0.010315937990174209,-0.0
2022-10-06,0.8039398260365787,0.8039398260365787,0.954431442145451,-0.027893797322714478,-0.027893797322714478,-0.0
2022-10-07,0.7978014671471397,0.7978014671471397,0.954431442145451,-0.007635346192141067,-0.007635346192141067,-0.0
2022-10-10,0.7927489453025138,0.7927489453025138,0.954431442145451,-0.00633305659701693,-0.00633305659701693,-0.0
2022-10-11,0.7901340641160478,0.7901340641160478,0.954431442145451,-0.003298498474152135,-0.003298498474152135,0.0
2022-10-12,0.8109864270752554,0.8109864270752554,0.954431442145451,0.026390917574900273,0.026390917574900273,-0.0
2022-10-13,0.7925052309549365,0.7925052309549365,0.954431442145451,-0.022788539368000876,-0.022788539368000876,-0.0
2022-10-14,0.81287023558156,0.81287023558156,0.954431442145451,0.0256969971063592,0.0256969971063592,0.0
2022-10-17,0.8224211638109171,0.8224211638109171,0.954431442145451,0.011749634580387865,0.011749634580387865,0.0
2022-10-18,0.8165929227257566,0.8165929227257566,0.954431442145451,-0.007086686653531451,-0.007086686653531451,-0.0
2022-10-19,0.8097456730145429,0.8097456730145429,0.954431442145451,-0.008385144569166442,-0.008385144569166442,-0.0
2022-10-20,0.8294236851375192,0.8294236851375192,0.954431442145451,0.02430147239900455,0.02430147239900455,-0.0
2022-10-21,0.8395728087710655,0.8395728087710655,0.954431442145451,0.012236356177679805,0.012236356177679805,-0.0
2022-10-24,0.8529797263826506,0.8529797263826506,0.954431442145451,0.015968737281057917,0.015968737281057917,-0.0
2022-10-25,0.846553148239281,0.846553148239281,0.954431442145451,-0.007534268335571999,-0.007534268335571999,-0.0
2022-10-26,0.8420325602283827,0.8420325602283827,0.954431442145451,-0.0053399931478613225,-0.0053399931478613225,0.0
2022-10-27,0.8620650529435315,0.8620650529435315,0.954431442145451,0.023790639057610228,0.023790639057610228,-0.0
2022-10-28,0.8558381802626741,0.8558381802626741,0.954431442145451,-0.007223205092928524,-0.007223205092928524,0.0
2022-10-31,0.852093099011281,0.852093099011281,0.954431442145451,-0.004375922151829732,-0.004375922151829732,0.0
2022-11-01,0.8307088730453555,0.8307088730453555,0.954431442145451,-0.025096114486478728,-0.025096114486478728,-0.0
2022-11-02,0.8221550551239236,0.8221550551239236,0.954431442145451,-0.010297010419635662,-0.010297010419635662,-0.0
2022-11-03,0.8339886361685312,0.8339886361685312,0.954431442145451,0.014393368952556003,0.014393368952556003,0.0
2022-11-04,0.8419661570039015,0.8419661570039015,0.954431442145451,0.00956550304092888,0.00956550304092888,0.0
2022-11-07,0.8465088558139567,0.8465088558139567,0.954431442145451,0.005395346086379867,0.005395346086379867,0.0
2022-11-08,0.8290689915998775,0.8290689915998775,0.954431442145451,-0.020602104861986454,-0.020602104861986454,-0.0
2022-11-09,0.8746299193815497,0.8746299193815497,0.954431442145451,0.054954326169830744,0.054954326169830744,-0.0
2022-11-10,0.8830950105660941,0.8830950105660941,0.954431442145451,0.009678483432775872,0.009678483432775872,0.0
2022-11-11,0.8755828080911608,0.8755828080911608,0.954431442145451,-0.008506675255834165,-0.008506675255834165,-0.0
2022-11-14,0.8830505764867504,0.8830505764867504,0.954431442145451,0.00852891163072274,0.00852891163072274,-0.0
2022-11-15,0.876314022425342,0.876314022425342,0.954431442145451,-0.007628729588977925,-0.007628729588977925,-0.0
2022-11-16,0.8736327380143948,0.8736327380143948,0.954431442145451,-0.003059730122229798,-0.003059730122229798,-0.0
2022-11-17,0.877599210565398,0.877599210565398,0.954431442145451,0.0045402059451416805,0.0045402059451416805,0.0
2022-11-18,0.8744082447738998,0.8744082447738998,0.954431442145451,-0.0036360171625980093,-0.0036360171625980093,0.0
2022-11-21,0.8861751390537672,0.8861751390537672,0.954431442145451,0.01345698002071124,0.01345698002071124,0.0
2022-11-22,0.8917594533103212,0.8917594533103212,0.954431442145451,0.006301592101214537,0.006301592101214537,-0.0
2022-11-23,0.8915601019828582,0.8915601019828582,0.954431442145451,-0.00022354831981100966,-0.00022354831981100966,0.0
2022-11-25,0.8773335270726834,0.8773335270726834,0.954431442145451,-0.01595694432549687,-0.01595694432549687,0.0
2022-11-28,0.8758265934979677,0.8758265934979677,0.954431442145451,-0.0017176290751634508,-0.0017176290751634508,-0.0
2022-11-29,0.9034155813455935,0.9034155813455935,0.954431442145451,0.03150051397439085,0.03150051397439085,0.0
2022-11-30,0.9027509118899131,0.9027509118899131,0.954431442145451,-0.0007357294576327415,-0.0007357294576327415,-0.0
2022-12-01,0.9017092964434145,0.9017092964434145,0.954431442145451,-0.0011538237544595688,-0.0011538237544595688,-0.0
2022-12-02,0.8854882882041397,0.8854882882041397,0.954431442145451,-0.017989177114237073,-0.017989177114237073,0.0
2022-12-05,0.872724070670878,0.872724070670878,0.954431442145451,-0.014414891425779229,-0.014414891425779229,-0.0
2022-12-06,0.8712393187223292,0.8712393187223292,0.954431442145451,-0.0017012845164308087,-0.0017012845164308087,0.0
2022-12-07,0.8780646703476349,0.8780646703476349,0.954431442145451,0.007834072084022852,0.007834072084022852,0.0
2022-12-08,0.8715053565823129,0.8715053565823129,0.954431442145451,-0.007470194379561144,-0.007470194379561144,-0.0
2022-12-09,0.8840700811340919,0.8840700811340919,0.954431442145451,0.014417266006318966,0.014417266006318966,-0.0
2022-12-12,0.8907622719431665,0.8907622719431665,0.954431442145451,0.007569751484508718,0.007569751484508718,-0.0
2022-12-13,0.8850671206150075,0.8850671206150075,0.954431442145451,-0.006393570436852096,-0.006393570436852096,0.0
2022-12-14,0.8634170695023475,0.8634170695023475,0.954431442145451,-0.024461479370757752,-0.024461479370757752,-0.0
2022-12-15,0.8532233699032179,0.8532233699032179,0.954431442145451,-0.011806228946811393,-0.011806228946811393,-0.0
2022-12-16,0.8459881897447271,0.8459881897447271,0.954431442145451,-0.00847981948655663,-0.00847981948655663,-0.0
2022-12-19,0.8471460283666554,0.8471460283666554,0.954431442145451,0.0013686226781460015,0.0013686226781460015,-0.0
2022-12-20,0.8598128025642043,0.8598128025642043,0.954431442145451,0.014952291309175043,0.014952291309175043,-0.0
2022-12-21,0.8475465734527164,0.8475465734527164,0.954431442145451,-0.014266162442460128,-0.014266162442460128,0.0
2022-12-22,0.852421925828266,0.852421925828266,0.954431442145451,0.005752312059605687,0.005752312059605687,-0.0
2022-12-23,0.8490604520221327,0.8490604520221327,0.954431442145451,-0.003943438928869796,-0.003943438928869796,0.0
2022-12-27,0.8385083737908718,0.8385083737908718,0.954431442145451,-0.012427946921953375,-0.012427946921953375,0.0
2022-12-28,0.8536018041901219,0.8536018041901219,0.954431442145451,0.01800033353395513,0.01800033353395513,-0.0
2022-12-29,0.8513532389052844,0.8513532389052844,0.954431442145451,-0.0026342086834867363,-0.0026342086834867363,-0.0
2022-12-30,0.8477692401029436,0.8477692401029436,0.954431442145451,-0.004209767037415968,-0.004209767037415968,-0.0
2023-01-03,0.8543142384523668,0.8543142384523668,0.954431442145451,0.007720259287336562,0.007720259287336562,-0.0
2023-01-04,0.8445635339334873,0.8445635339334873,0.954431442145451,-0.011413487075368597,-0.011413487075368597,0.0
2023-01-05,0.8639311447119262,0.8639311447119262,0.954431442145451,0.022932094508314717,0.022932094508314717,0.0
2023-01-06,0.8634414481591383,0.8634414481591383,0.954431442145451,-0.0005668235898026392,-0.0005668235898026392,-0.0
2023-01-09,0.869496537242524,0.869496537242524,0.954431442145451,0.007012738496970632,0.007012738496970632,0.0
2023-01-10,0.8804938068879995,0.8804938068879995,0.954431442145451,0.012647859047664191,0.012647859047664191,-0.0
2023-01-11,0.8836995132896758,0.8836995132896758,0.954431442145451,0.0036408051670532315,0.0036408051670532315,-0.0
2023-01-12,0.8871278863415789,0.8871278863415789,0.954431442145451,0.003879568790459771,0.003879568790459771,0.0
2023-01-13,0.8855027452740591,0.8855027452740591,0.954431442145451,-0.001831912954762013,-0.001831912954762013,-0.0
2023-01-17,0.8715223650501247,0.8715223650501247,0.954431442145451,-0.015788071012256016,-0.015788071012256016,-0.0
2023-01-18,0.8651779225517717,0.8651779225517717,0.954431442145451,-0.007279724253534266,-0.007279724253534266,0.0
2023-01-19,0.8812953930814106,0.8812953930814106,0.954431442145451,0.01862908207609093,0.01862908207609093,-0.0
2023-01-20,0.8918696527066186,0.8918696527066186,0.954431442145451,0.011998541814947573,0.011998541814947573,0.0
2023-01-23,0.89091237016798,0.89091237016798,0.954431442145451,-0.0010733435494003926,-0.0010733435494003926,-0.0
2023-01-24,0.8912464409703306,0.8912464409703306,0.954431442145451,0.0003749760509976087,0.0003749760509976087,0.0
2023-01-25,0.9010413673197438,0.9010413673197438,0.954431442145451,0.010990143577739532,0.010990143577739532,0.0
2023-01-26,0.9031118416877179,0.9031118416877179,0.954431442145451,0.002297868270058329,0.002297868270058329,0.0
2023-01-27,0.8917807137209214,0.8917807137209214,0.954431442145451,-0.012546760482756065,-0.012546760482756065,0.0
2023-01-30,0.9048928212189244,0.9048928212189244,0.954431442145451,0.014703286689497195,0.014703286689497195,-0.0
2023-01-31,0.9145097274784839,0.9145097274784839,0.954431442145451,0.010627674387564718,0.010627674387564718,-0.0
2023-02-01,0.9278222491735372,0.9278222491735372,0.954431442145451,0.014557003927950611,0.014557003927950611,-0.0
2023-02-02,0.9179604238105737,0.9179604238105737,0.954431442145451,-0.010629002884709773,-0.010629002884709773,0.0
2023-02-03,0.9123503138925929,0.9123503138925929,0.954431442145451,-0.006111494322045549,-0.006111494322045549,0.0
2023-02-06,0.9242824719695105,0.9242824719695105,0.954431442145451,0.013078483007265449,0.013078483007265449,-0.0
2023-02-07,0.9141757980979335,0.9141757980979335,0.954431442145451,-0.010934615962197334,-0.010934615962197334,0.0
2023-02-08,0.906250719670634,0.906250719670634,0.954431442145451,-0.008669096735867143,-0.008669096735867143,0.0
2023-02-09,0.9083656991771812,0.9083656991771812,0.954431442145451,0.0023337686366923477,0.0023337686366923477,0.0
2023-02-10,0.9190286855392767,0.9190286855392767,0.954431442145451,0.011738649281621128,0.011738649281621128,-0.0
2023-02-13,0.918605817173029,0.918605817173029,0.954431442145451,-0.00046012531806836275,-0.00046012531806836275,0.0
2023-02-14,0.9215889983462782,0.9215889983462782,0.954431442145451,0.0032475095601176888,0.0032475095601176888,0.0
2023-02-15,0.9088996173282834,0.9088996173282834,0.954431442145451,-0.013769023980065867,-0.013769023980065867,0.0
2023-02-16,0.906629153957538,0.906629153957538,0.954431442145451,-0.0024980353467629504,-0.0024980353467629504,-0.0
2023-02-17,0.888441350713945,0.888441350713945,0.954431442145451,-0.02006090711312463,-0.02006090711312463,-0.0
2023-02-21,0.8872168961542863,0.8872168961542863,0.954431442145451,-0.0013782052790257634,-0.0013782052790257634,0.0
2023-02-22,0.8919364102983689,0.8919364102983689,0.954431442145451,0.005319459271503477,0.005319459271503477,-0.0
2023-02-23,0.8824083721974967,0.8824083721974967,0.954431442145451,-0.010682418601663388,-0.010682418601663388,-0.0
2023-02-24,0.8854138060561424,0.8854138060561424,0.954431442145451,0.003405944405492419,0.003405944405492419,0.0
2023-02-27,0.8821413422949358,0.8821413422949358,0.954431442145451,-0.003695971012450086,-0.003695971012450086,0.0
2023-02-28,0.8787576160356255,0.8787576160356255,0.954431442145451,-0.003835809633983811,-0.003835809633983811,-0.0
2023-03-01,0.8855916842597567,0.8855916842597567,0.954431442145451,0.007776966138810825,0.007776966138810825,0.0
2023-03-02,0.899794731366138,0.899794731366138,0.954431442145451,0.016037918330560282,0.016037918330560282,-0.0
2023-03-03,0.9004180847564459,0.9004180847564459,0.954431442145451,0.0006927728831679472,0.0006927728831679472,-0.0
2023-03-06,0.8866159371033948,0.8866159371033948,0.954431442145451,-0.015328598888353534,-0.015328598888353534,-0.0
2023-03-07,0.888062987254051,0.888062987254051,0.954431442145451,0.0016321048270163728,0.0016321048270163728,-0.0
2023-03-08,0.8716783449356118,0.8716783449356118,0.954431442145451,-0.018449865103714724,-0.018449865103714724,0.0
2023-03-09,0.85910050995598,0.85910050995598,0.954431442145451,-0.01442944527956688,-0.01442944527956688,-0.0
2023-03-10,0.857875984801531,0.857875984801531,0.954431442145451,-0.001425357266417712,-0.001425357266417712,0.0
2023-03-13,0.8720567083955062,0.8720567083955062,0.954431442145451,0.01653003912594165,0.01653003912594165,-0.0
2023-03-14,0.8666026494222417,0.8666026494222417,0.954431442145451,-0.006254248056068933,-0.006254248056068933,-0.0
2023-03-15,0.881807271260366,0.881807271260366,0.954431442145451,0.01754509041515279,0.01754509041515279,0.0
2023-03-16,0.8714965691564786,0.8714965691564786,0.954431442145451,-0.011692693448932789,-0.011692693448932789,0.0
2023-03-17,0.8798766189308447,0.8798766189308447,0.954431442145451,0.009615700245931155,0.009615700245931155,0.0
2023-03-20,0.8914299177587992,0.8914299177587992,0.954431442145451,0.01313058965243693,0.01313058965243693,-0.0
2023-03-21,0.8762340833465103,0.8762340833465103,0.954431442145451,-0.017046583370786687,-0.017046583370786687,0.0
2023-03-22,0.8786028406737458,0.8786028406737458,0.954431442145451,0.002703338493965928,0.002703338493965928,-0.0
2023-03-23,0.8843682219748954,0.8843682219748954,0.954431442145451,0.006561988004418893,0.006561988004418893,-0.0
2023-03-24,0.886021851987974,0.886021851987974,0.954431442145451,0.0018698433209030048,0.0018698433209030048,-0.0
2023-03-27,0.8840333007839873,0.8840333007839873,0.954431442145451,-0.0022443590973800012,-0.0022443590973800012,0.0
2023-03-28,0.896882347014178,0.896882347014178,0.954431442145451,0.014534572644260987,0.014534572644260987,-0.0
2023-03-29,0.9021339366460079,0.9021339366460079,0.954431442145451,0.005855382982297642,0.005855382982297642,0.0
2023-03-30,0.9148491843846592,0.9148491843846592,0.954431442145451,0.014094634091612351,0.014094634091612351,-0.0
2023-03-31,0.918335172770769,0.918335172770769,0.954431442145451,0.0038104514335381093,0.0038104514335381093,0.0
2023-04-03,0.9132402719911834,0.9132402719911834,0.954431442145451,-0.005547975217167643,-0.005547975217167643,0.0
2023-04-04,0.9108489789027316,0.9108489789027316,0.954431442145451,-0.002618470912630591,-0.002618470912630591,-0.0
2023-04-05,0.9144022209018801,0.9144022209018801,0.954431442145451,0.003901022102949316,0.003901022102949316,0.0
2023-04-06,0.915340723600802,0.915340723600802,0.954431442145451,0.001026356539244066,0.001026356539244066,0.0
2023-04-10,0.9155865641519929,0.9155865641519929,0.954431442145451,0.0002685781860812564,0.0002685781860812564,0.0
2023-04-11,0.9118546641554627,0.9118546641554627,0.954431442145451,-0.0040759663178180335,-0.0040759663178180335,-0.0
2023-04-12,0.9239666141585788,0.9239666141585788,0.954431442145451,0.013282763667534584,0.013282763667534584,0.0
2023-04-13,0.9217096153507356,0.9217096153507356,0.954431442145451,-0.00244272766272899,-0.00244272766272899,0.0
2023-04-14,0.9250168753768929,0.9250168753768929,0.954431442145451,0.0035881800201236673,0.0035881800201236673,0.0
2023-04-17,0.925620173112428,0.925620173112428,0.954431442145451,0.0006522018696028751,0.0006522018696028751,0.0
2023-04-18,0.9254638386274525,0.9254638386274525,0.954431442145451,-0.0001688970157703098,-0.0001688970157703098,-0.0
2023-04-19,0.9204133719272107,0.9204133719272107,0.954431442145451,-0.005457227489009339,-0.005457227489009339,-0.0
2023-04-20,0.9211284992413675,0.9211284992413675,0.954431442145451,0.0007769631949821012,0.0007769631949821012,0.0
2023-04-21,0.9220893960474859,0.9220893960474859,0.954431442145451,0.0010431734626708215,0.0010431734626708215,0.0
2023-04-24,0.9074522836373684,0.9074522836373684,0.954431442145451,-0.015873853959126955,-0.015873853959126955,0.0
2023-04-25,0.9036088378346949,0.9036088378346949,0.954431442145451,-0.0042354246851059344,-0.0042354246851059344,-0.0
2023-04-26,0.9215977860043333,0.9215977860043333,0.954431442145451,0.019907893124136582,0.019907893124136582,0.0
2023-04-27,0.9294636899743307,0.9294636899743307,0.954431442145451,0.00853507255491657,0.00853507255491657,-0.0
2023-04-28,0.9285251872754089,0.9285251872754089,0.954431442145451,-0.0010097249726320435,-0.0010097249726320435,0.0
2023-05-01,0.9180892613925679,0.9180892613925679,0.954431442145451,-0.011239249108000407,-0.011239249108000407,0.0
2023-05-02,0.911787552428663,0.911787552428663,0.954431442145451,-0.006863939301878225,-0.006863939301878225,-0.0
2023-05-03,0.9053295087475631,0.9053295087475631,0.954431442145451,-0.007082838172004083,-0.007082838172004083,-0.0
2023-05-04,0.9220893960474857,0.9220893960474857,0.954431442145451,0.018512472130846884,0.018512472130846884,0.0
2023-05-05,0.9223352365986768,0.9223352365986768,0.954431442145451,0.0002666124914187255,0.0002666124914187255,0.0
2023-05-08,0.9182903843241562,0.9182903843241562,0.954431442145451,-0.004385446976347673,-0.004385446976347673,-0.0
2023-05-09,0.9225811479768777,0.9225811479768777,0.954431442145451,0.004672556443983071,0.004672556443983071,-0.0
2023-05-10,0.9209720939293821,0.9209720939293821,0.954431442145451,-0.0017440786114306809,-0.0017440786114306809,0.0
2023-05-11,0.9197653565720727,0.9197653565720727,0.954431442145451,-0.0013102865605414665,-0.0013102865605414665,0.0
2023-05-12,0.9229386053934413,0.9229386053934413,0.954431442145451,0.003450063430520194,0.003450063430520194,-0.0
2023-05-15,0.916770907169886,0.916770907169886,0.954431442145451,-0.006682674435236243,-0.006682674435236243,-0.0
2023-05-16,0.9278995660274676,0.9278995660274676,0.954431442145451,0.012138974710635549,0.012138974710635549,-0.0
2023-05-17,0.9368381963822054,0.9368381963822054,0.954431442145451,0.009633187342684004,0.009633187342684004,-0.0
2023-05-18,0.935475053480691,0.935475053480691,0.954431442145451,-0.0014550462468102899,-0.0014550462468102899,0.0
2023-05-19,0.9358551177177005,0.9358551177177005,0.954431442145451,0.00040627939312251604,0.00040627939312251604,0.0
2023-05-22,0.9253520092810503,0.9253520092810503,0.954431442145451,-0.011223006892631449,-0.011223006892631449,-0.0
2023-05-23,0.9186480544539691,0.9186480544539691,0.954431442145451,-0.007244761733742509,-0.007244761733742509,0.0
2023-05-24,0.9266033226039427,0.9266033226039427,0.954431442145451,0.00865975616168056,0.00865975616168056,-0.0
2023-05-25,0.9386035138554468,0.9386035138554468,0.954431442145451,0.012950731946202365,0.012950731946202365,-0.0
2023-05-26,0.93896118375304,0.93896118375304,0.954431442145451,0.0003810660117007223,0.0003810660117007223,0.0
2023-05-30,0.9337543825678227,0.9337543825678227,0.954431442145451,-0.0055452784154566125,-0.0055452784154566125,-0.0
2023-05-31,0.942626042849781,0.942626042849781,0.954431442145451,0.009501064142329551,0.009501064142329551,0.0
2023-06-01,0.9562576116611871,0.9562576116611871,0.954431442145451,0.014461269041744908,0.014461269041744908,0.0
2023-06-02,0.9544249695156773,0.9544249695156773,0.954431442145451,-0.0019164732632310014,-0.0019164732632310014,-0.0
2023-06-05,0.9565031686721192,0.9565031686721192,0.954431442145451,0.0021774358622409944,0.0021774358622409944,0.0
2023-06-06,0.9531959086459618,0.9531959086459618,0.954431442145451,-0.003457657156273447,-0.003457657156273447,-0.0
2023-06-07,0.9589613610063408,0.9589613610063408,0.954431442145451,0.006048549210171159,0.006048549210171159,-0.0
2023-06-08,0.9606820319192091,0.9606820319192091,0.954431442145451,0.0017943068228135706,0.0017943068228135706,0.0
2023-06-09,0.9693972158299522,0.9693972158299522,0.954431442145451,0.009071871463373175,0.009071871463373175,0.0
2023-06-12,0.9757885727463118,0.9757885727463118,0.954431442145451,0.006593124894512624,0.006593124894512624,0.0
2023-06-13,0.9769504508299988,0.9769504508299988,0.954431442145451,0.0011907067946254836,0.0011907067946254836,-0.0
2023-06-14,0.9890624008331148,0.9890624008331148,0.954431442145451,0.012397711667798551,0.012397711667798551,0.0
2023-06-15,0.9856934149517629,0.9856934149517629,0.954431442145451,-0.003406241990914036,-0.003406241990914036,0.0
2023-06-16,0.9805793799651916,0.9805793799651916,0.954431442145451,-0.005188261287939693,-0.005188261287939693,-0.0
2023-06-20,0.975555276006895,0.975555276006895,0.954431442145451,-0.005123607594598864,-0.005123607594598864,0.0
2023-06-21,0.9790766983332638,0.9790766983332638,0.954431442145451,0.0036096594554669804,0.0036096594554669804,-0.0
2023-06-22,0.9716747660816372,0.9716747660816372,0.954431442145451,-0.007560114814526162,-0.007560114814526162,0.0
2023-06-23,0.9677048922086231,0.9677048922086231,0.954431442145451,-0.004085599432640352,-0.004085599432640352,0.0
2023-06-26,0.9783140897528017,0.9783140897528017,0.954431442145451,0.010963257114433834,0.010963257114433834,0.0
2023-06-27,0.9788074716322991,0.9788074716322991,0.954431442145451,0.0005043184848968631,0.0005043184848968631,0.0
2023-06-28,0.9826653036778815,0.9826653036778815,0.954431442145451,0.003941359416830863,0.003941359416830863,0.0
2023-06-29,0.9942614774620842,0.9942614774620842,0.954431442145451,0.011800735958419371,0.011800735958419371,0.0
2023-06-30,0.9954054258623921,0.9954054258623921,0.954431442145451,0.001150550862362611,0.001150550862362611,-0.0
2023-07-03,0.9939251388021004,0.9939251388021004,0.954431442145451,-0.0014871197421987795,-0.0014871197421987795,-0.0
2023-07-05,0.9861419375576377,0.9861419375576377,0.954431442145451,-0.007830772098030573,-0.007830772098030573,-0.0
2023-07-06,0.9836522799179056,0.9836522799179056,0.954431442145451,-0.002524644318340458,-0.002524644318340458,0.0
2023-07-07,0.9861419375576377,0.9861419375576377,0.954431442145451,0.0025310342796541116,0.0025310342796541116,-0.0
2023-07-10,0.9924222446891431,0.9924222446891431,0.954431442145451,0.0063685630762845375,0.0063685630762845375,-0.0
2023-07-11,1.0004072065405023,1.0004072065405023,0.954431442145451,0.008045931954961692,0.008045931954961692,0.0
2023-07-12,1.0083472380590093,1.0083472380590093,0.954431442145451,0.00793679960179852,0.00793679960179852,0.0
2023-07-13,1.0077192783586444,1.0077192783586444,0.954431442145451,-0.0006227613630138874,-0.0006227613630138874,0.0
2023-07-14,1.0112183065778166,1.0112183065778166,0.954431442145451,0.003472225146740826,0.003472225146740826,0.0
2023-07-17,1.0187323517161047,1.0187323517161047,0.954431442145451,0.0074306854310392315,0.0074306854310392315,0.0
2023-07-18,1.020997641696275,1.020997641696275,0.954431442145451,0.0022236360476372784,0.0022236360476372784,-0.0
2023-07-19,1.0142238112634723,1.0142238112634723,0.954431442145451,-0.006634521135179766,-0.006634521135179766,-0.0
2023-07-20,1.0142238112634723,1.0142238112634723,0.954431442145451,0.0,0.0,-0.0
2023-07-21,1.018754745823301,1.018754745823301,0.954431442145451,0.004467391230131508,0.004467391230131508,0.0
2023-07-24,1.021535953908624,1.021535953908624,0.954431442145451,0.002730007488775237,0.002730007488775237,0.0
2023-07-25,1.0216929260689078,1.0216929260689078,0.954431442145451,0.00015366288350719505,0.00015366288350719505,0.0
2023-07-26,1.0149191662308954,1.0149191662308954,0.954431442145451,-0.006629937102604152,-0.006629937102604152,0.0
2023-07-27,1.0248556156280964,1.0248556156280964,0.954431442145451,0.009790385015687525,0.009790385015687525,-0.0
2023-07-28,1.0268069612876989,1.0268069612876989,0.954431442145451,0.0019040200686284729,0.0019040200686284729,0.0
2023-07-31,1.0238687102150823,1.0238687102150823,0.954431442145451,-0.002861541831516148,-0.002861541831516148,0.0
2023-08-01,1.009625906398644,1.009625906398644,0.954431442145451,-0.013910771639311524,-0.013910771639311524,0.0
2023-08-02,1.0067323021186203,1.0067323021186203,0.954431442145451,-0.002866016275617593,-0.002866016275617593,-0.0
2023-08-03,1.0021792565274146,1.0021792565274146,0.954431442145451,-0.004522598094472635,-0.004522598094472635,0.0
2023-08-04,1.0109266853052161,1.0109266853052161,0.954431442145451,0.008728407339133716,0.008728407339133716,0.0
2023-08-07,1.006530541279504,1.006530541279504,0.954431442145451,-0.004348627936737823,-0.004348627936737823,0.0
2023-08-08,0.9998016409473338,0.9998016409473338,0.954431442145451,-0.006685242082785126,-0.006685242082785126,0.0
2023-08-09,1.0001605156007536,1.0001605156007536,0.954431442145451,0.00035894585357924553,0.00035894585357924553,-0.0
2023-08-10,0.9995773441147817,0.9995773441147817,0.954431442145451,-0.0005830778928736188,-0.0005830778928736188,0.0
2023-08-11,1.0050950424336051,1.0050950424336051,0.954431442145451,0.005520031392578163,0.005520031392578163,0.0
2023-08-14,0.9933866849357313,0.9933866849357313,0.954431442145451,-0.01164900532145179,-0.01164900532145179,-0.0
2023-08-15,0.9860970782840153,0.9860970782840153,0.954431442145451,-0.007338136057448475,-0.007338136057448475,-0.0
2023-08-16,0.978583245626757,0.978583245626757,0.954431442145451,-0.00761976971915755,-0.00761976971915755,-0.0
2023-08-17,0.9790542333990577,0.9790542333990577,0.954431442145451,0.0004812955611139801,0.0004812955611139801,-0.0
2023-08-18,0.9854242590778081,0.9854242590778081,0.954431442145451,0.006506305229522531,0.006506305229522531,0.0
2023-08-21,0.9827550222251267,0.9827550222251267,0.954431442145451,-0.0027087184307593047,-0.0027087184307593047,-0.0
2023-08-22,0.9937007711425384,0.9937007711425384,0.954431442145451,0.011137820382366173,0.011137820382366173,-0.0
2023-08-23,0.979929025693191,0.979929025693191,0.954431442145451,-0.013859046756613628,-0.013859046756613628,0.0
2023-08-24,0.9868371508710415,0.9868371508710415,0.954431442145451,0.007049617877135246,0.007049617877135246,-0.0
2023-08-25,0.9930951347223603,0.9930951347223603,0.954431442145451,0.006341455472967426,0.006341455472967426,0.0
2023-08-28,1.0074501930794797,1.0074501930794797,0.954431442145451,0.014454867268212625,0.014454867268212625,-0.0
2023-08-29,1.0115997172246727,1.0115997172246727,0.954431442145451,0.0041188380067792895,0.0041188380067792895,-0.0
2023-08-30,1.0101193591051514,1.0101193591051514,0.954431442145451,-0.001463383287198493,-0.001463383287198493,-0.0
2023-08-31,1.0120033803247053,1.0120033803247053,0.954431442145451,0.001865147126001919,0.001865147126001919,0.0
2023-09-01,1.0076295595791798,1.0076295595791798,0.954431442145451,-0.00432194282209033,-0.00432194282209033,0.0
2023-09-05,1.000855870800397,1.000855870800397,0.954431442145451,-0.0067223998287741955,-0.0067223998287741955,-0.0
2023-09-06,0.9977829708476831,0.9977829708476831,0.954431442145451,-0.003070272196391663,-0.003070272196391663,0.0
2023-09-07,0.9992857230744009,0.9992857230744009,0.954431442145451,0.0015060912749805748,0.0015060912749805748,-0.0
2023-09-08,1.0058577220732972,1.0058577220732972,0.954431442145451,0.006576696581511004,0.006576696581511004,0.0
2023-09-11,1.000339952927464,1.000339952927464,0.954431442145451,-0.005485635815828854,-0.005485635815828854,0.0
2023-09-12,1.001506295667188,1.001506295667188,0.954431442145451,0.0011659463728414215,0.0011659463728414215,0.0
2023-09-13,1.010141753212348,1.010141753212348,0.954431442145451,0.008622469556626317,0.008622469556626317,0.0
2023-09-14,0.9979711956002283,0.9979711956002283,0.954431442145451,-0.012048366056958065,-0.012048366056958065,-0.0
2023-09-15,0.9985564930575942,0.9985564930575942,0.954431442145451,0.0005864873254322081,0.0005864873254322081,0.0
2023-09-18,0.9964855224361119,0.9964855224361119,0.954431442145451,-0.002073964403497034,-0.002073964403497034,-0.0
2023-09-19,0.987324579798416,0.987324579798416,0.954431442145451,-0.009193252115996635,-0.009193252115996635,-0.0
2023-09-20,0.9710057030291496,0.9710057030291496,0.954431442145451,-0.016528380942970444,-0.016528380942970444,-0.0
2023-09-21,0.968822265153737,0.968822265153737,0.954431442145451,-0.002248635480307697,-0.002248635480307697,0.0
2023-09-22,0.9728965275893839,0.9728965275893839,0.954431442145451,0.004205376550672475,0.004205376550672475,0.0
2023-09-25,0.9586032659144689,0.9586032659144689,0.954431442145451,-0.014691451012093211,-0.014691451012093211,-0.0
2023-09-26,0.958986022971171,0.958986022971171,0.954431442145451,0.0003992862014056637,0.0003992862014056637,0.0
2023-09-27,0.9645457460899047,0.9645457460899047,0.954431442145451,0.0057975017211496565,0.0057975017211496565,0.0
2023-09-28,0.9622046981466803,0.9622046981466803,0.954431442145451,-0.0024270989247681275,-0.0024270989247681275,-0.0
2023-09-29,0.9618220827439979,0.9618220827439979,0.954431442145451,-0.00039764449645618514,-0.00039764449645618514,0.0
2023-10-02,0.9489470279069112,0.9489470279069112,0.954431442145451,-0.013386108582946258,-0.013386108582946258,-0.0
2023-10-03,0.9558572792883755,0.9558572792883755,0.954431442145451,0.007282020153122978,0.007282020153122978,-0.0
2023-10-04,0.9554970579928898,0.9554970579928898,0.954431442145451,-0.0003768567790307647,-0.0003768567790307647,-0.0
2023-10-05,0.9668414385059981,0.9668414385059981,0.954431442145451,0.011872752949065396,0.011872752949065396,-0.0
2023-10-06,0.9730316016637598,0.9730316016637598,0.954431442145451,0.006402459504970142,0.006402459504970142,0.0
2023-10-09,0.9780960294126319,0.9780960294126319,0.954431442145451,0.0052047926708778105,0.0052047926708778105,-0.0
2023-10-10,0.9821024711547218,0.9821024711547218,0.954431442145451,0.004096163997819304,0.004096163997819304,0.0
2023-10-11,0.9761152027648929,0.9761152027648929,0.954431442145451,-0.006096378499882159,-0.006096378499882159,0.0
2023-10-12,0.9712532443574554,0.9712532443574554,0.954431442145451,-0.004980926834932827,-0.004980926834932827,-0.0
2023-10-13,0.9814721727697135,0.9814721727697135,0.954431442145451,0.010521384069114362,0.010521384069114362,-0.0
2023-10-16,0.9814271716098516,0.9814271716098516,0.954431442145451,-4.585067321365715e-05,-4.585067321365715e-05,-0.0
2023-10-17,0.96834971849056,0.96834971849056,0.954431442145451,-0.013324934847524577,-0.013324934847524577,0.0
2023-10-18,0.9598413269232687,0.9598413269232687,0.954431442145451,-0.008786486333216301,-0.008786486333216301,-0.0
2023-10-19,0.9480467938541802,0.9480467938541802,0.954431442145451,-0.012288002962839037,-0.012288002962839037,0.0
2023-10-20,0.9464035816814816,0.9464035816814816,0.954431442145451,-0.001733260618938803,-0.001733260618938803,0.0
2023-10-23,0.9535388381655966,0.9535388381655966,0.954431442145451,0.007539337997260705,0.007539337997260705,0.0
2023-10-24,0.9398535515955032,0.9398535515955032,0.954431442145451,-0.014352101899090882,-0.014352101899090882,0.0
2023-10-25,0.9285991023428891,0.9285991023428891,0.954431442145451,-0.011974683963803062,-0.011974683963803062,-0.0
2023-10-26,0.9243899785461153,0.9243899785461153,0.954431442145451,-0.00453276746246474,-0.00453276746246474,-0.0
2023-10-27,0.9354418873980652,0.9354418873980652,0.954431442145451,0.011955894274549012,0.011955894274549012,0.0
2023-10-30,0.9413167595931933,0.9413167595931933,0.954431442145451,0.006280317649094311,0.006280317649094311,-0.0
2023-10-31,0.9513555419442036,0.9513555419442036,0.954431442145451,0.010664616611467368,0.010664616611467368,-0.0
2023-11-01,0.9695877794993601,0.9695877794993601,0.954431442145451,0.01916448346734485,0.01916448346734485,-0.0
2023-11-02,0.9784335728284419,0.9784335728284419,0.954431442145451,0.009123251670570038,0.009123251670570038,-0.0
2023-11-03,0.9806843351439031,0.9806843351439031,0.954431442145451,0.002300373145368198,0.002300373145368198,-0.0
2023-11-06,0.9834756062378978,0.9834756062378978,0.954431442145451,0.002846248271708176,0.002846248271708176,0.0
2023-11-07,0.9841958361156201,0.9841958361156201,0.954431442145451,0.0007323312069502075,0.0007323312069502075,-0.0
2023-11-08,0.9765203541610111,0.9765203541610111,0.954431442145451,-0.007798734431657688,-0.007798734431657688,-0.0
2023-11-09,0.9917587091622795,0.9917587091622795,0.954431442145451,0.015604748980742393,0.015604748980742393,-0.0
2023-11-10,0.9908134739496868,0.9908134739496868,0.954431442145451,-0.000953089903683467,-0.000953089903683467,0.0
2023-11-13,1.0100358768180684,1.0100358768180684,0.954431442145451,0.019400627235876374,0.019400627235876374,0.0
2023-11-14,1.0121741008203697,1.0121741008203697,0.954431442145451,0.002116978269165462,0.002116978269165462,0.0
2023-11-15,1.0134122328883994,1.0134122328883994,0.954431442145451,0.0012232402182847705,0.0012232402182847705,0.0
2023-11-16,1.0146727588314062,1.0146727588314062,0.954431442145451,0.0012438432279566476,0.0012438432279566476,0.0
2023-11-17,1.0224833150926107,1.0224833150926107,0.954431442145451,0.007697611070390898,0.007697611070390898,0.0
2023-11-20,1.0202548052303262,1.0202548052303262,0.954431442145451,-0.002179507312627899,-0.002179507312627899,0.0
2023-11-21,1.0241937808783481,1.0241937808783481,0.954431442145451,0.003860776374518104,0.003860776374518104,0.0
2023-11-22,1.0248240794955759,1.0248240794955759,0.954431442145451,0.0006154095338163242,0.0006154095338163242,-0.0
2023-11-24,1.0229784685762329,1.0229784685762329,0.954431442145451,-0.0018009051077833432,-0.0018009051077833432,0.0
2023-11-27,1.0239912407099034,1.0239912407099034,0.954431442145451,0.000990022923043826,0.000990022923043826,-0.0
2023-11-28,1.0232710108321812,1.0232710108321812,0.954431442145451,-0.0007033555064621178,-0.0007033555064621178,0.0
2023-11-29,1.0273000596269368,1.0273000596269368,0.954431442145451,0.003937421027376601,0.003937421027376601,0.0
2023-11-30,1.0333774719905091,1.0333774719905091,0.954431442145451,0.005915907729801282,0.005915907729801282,0.0
2023-12-01,1.027952894005381,1.027952894005381,0.954431442145451,-0.005249367372678722,-0.005249367372678722,0.0
2023-12-04,1.0277504246639466,1.0277504246639466,0.954431442145451,-0.00019696363774566195,-0.00019696363774566195,0.0
2023-12-05,1.0236086961342314,1.0236086961342314,0.954431442145451,-0.004029897171844541,-0.004029897171844541,-0.0
2023-12-06,1.0314192521632164,1.0314192521632164,0.954431442145451,0.007630411951835195,0.007630411951835195,0.0
2023-12-07,1.03585338152708,1.03585338152708,0.954431442145451,0.004299056232045385,0.004299056232045385,0.0
2023-12-08,1.0398824300896157,1.0398824300896157,0.954431442145451,0.0038895934833905383,0.0038895934833905383,-0.0
2023-12-11,1.0446317087620935,1.0446317087620935,0.954431442145451,0.004567130413068466,0.004567130413068466,0.0
2023-12-12,1.0590374376909386,1.0590374376909386,0.954431442145451,0.013790246656322763,0.013790246656322763,-0.0
2023-12-13,1.062436329522486,1.062436329522486,0.954431442145451,0.0032094161269294644,0.0032094161269294644,0.0
2023-12-14,1.0606870280100391,1.0606870280100391,0.954431442145451,-0.0016465000902530053,-0.0016465000902530053,0.0
2023-12-15,1.0666534616479866,1.0666534616479866,0.954431442145451,0.005625065151537783,0.005625065151537783,-0.0
2023-12-18,1.0731397105021667,1.0731397105021667,0.954431442145451,0.006080933580957826,0.006080933580957826,-0.0
2023-12-19,1.0582689469853632,1.0582689469853632,0.954431442145451,-0.013857248381801746,-0.013857248381801746,-0.0
2023-12-20,1.0683033355073461,1.0683033355073461,0.954431442145451,0.009481888843632099,0.009481888843632099,0.0
2023-12-21,1.0704502055136829,1.0704502055136829,0.954431442145451,0.002009607135895611,0.002009607135895611,0.0
2023-12-22,1.0749702266762826,1.0749702266762826,0.954431442145451,0.004222542197028737,0.004222542197028737,0.0
2023-12-26,1.0769139894336568,1.0769139894336568,0.954431442145451,0.0018082014823647477,0.0018082014823647477,0.0
2023-12-27,1.0773206291258606,1.0773206291258606,0.954431442145451,0.00037759718621324076,0.00037759718621324076,0.0
2023-12-28,1.0742018067977173,1.0742018067977173,0.954431442145451,-0.002894980606352902,-0.002894980606352902,0.0
